Alimentación;Tiendas;Aceites, salsas y condimentos
Alimentación;Tiendas;Algas
Alimentación;Tiendas;Alimentación infantil
Alimentación;Tiendas;Aperitivos, encurtidos y snacks
Alimentación;Tiendas;Arroz, legumbres secas y pastas
Alimentación;Tiendas;Bebicas alcohólicas
Alimentación;Tiendas;Bebidas, zumos y refrescos.
Alimentación;Tiendas;Café, té e infusiones
Alimentación;Tiendas;Carne, huevos y embutidos
Alimentación;Tiendas;Chocolates y dulces
Alimentación;Tiendas;Complementos nutricionales
Alimentación;Tiendas;Conservas y preparados
Alimentación;Tiendas;Frutas, verduras y hortalizas
Alimentación;Tiendas;Frutos secos
Alimentación;Tiendas;Lácteos
Alimentación;Tiendas;Mantequillas y mermeladas
Alimentación;Tiendas;Pan, harinas, cereales y semillas
Alimentación;Tiendas;Pastelería - Bollería
Alimentación;Tiendas;Pescados y mariscos
Alimentación;Tiendas;Soja y derivados
Alimentación;Tiendas;Vending
Alimentación;Tiendas;Otros

Alimentación;Restaurantes, bares y cafeterías;Africano
Alimentación;Restaurantes, bares y cafeterías;Alemán
Alimentación;Restaurantes, bares y cafeterías;Americano
Alimentación;Restaurantes, bares y cafeterías;Andorrano
Alimentación;Restaurantes, bares y cafeterías;Árabe
Alimentación;Restaurantes, bares y cafeterías;Argentino
Alimentación;Restaurantes, bares y cafeterías;Asiática
Alimentación;Restaurantes, bares y cafeterías;Autor
Alimentación;Restaurantes, bares y cafeterías;Belga
Alimentación;Restaurantes, bares y cafeterías;Bodas y comuniones
Alimentación;Restaurantes, bares y cafeterías;Boliviano
Alimentación;Restaurantes, bares y cafeterías;Brasileño
Alimentación;Restaurantes, bares y cafeterías;Cafetería - Tetería
Alimentación;Restaurantes, bares y cafeterías;Cantonés
Alimentación;Restaurantes, bares y cafeterías;Catalán
Alimentación;Restaurantes, bares y cafeterías;Celiacos
Alimentación;Restaurantes, bares y cafeterías;Chileno
Alimentación;Restaurantes, bares y cafeterías;Chino
Alimentación;Restaurantes, bares y cafeterías;Colombiano
Alimentación;Restaurantes, bares y cafeterías;Comida rápida
Alimentación;Restaurantes, bares y cafeterías;Coreano
Alimentación;Restaurantes, bares y cafeterías;Costarricense
Alimentación;Restaurantes, bares y cafeterías;Creativa / Fusión
Alimentación;Restaurantes, bares y cafeterías;Cubano
Alimentación;Restaurantes, bares y cafeterías;Dominicano
Alimentación;Restaurantes, bares y cafeterías;Ecuatoriano
Alimentación;Restaurantes, bares y cafeterías;Español
Alimentación;Restaurantes, bares y cafeterías;Etíope
Alimentación;Restaurantes, bares y cafeterías;Fiestas y eventos
Alimentación;Restaurantes, bares y cafeterías;Filipino
Alimentación;Restaurantes, bares y cafeterías;Francés
Alimentación;Restaurantes, bares y cafeterías;Gallego
Alimentación;Restaurantes, bares y cafeterías;Griego
Alimentación;Restaurantes, bares y cafeterías;Guatemalteco
Alimentación;Restaurantes, bares y cafeterías;Hindú
Alimentación;Restaurantes, bares y cafeterías;Hondureño
Alimentación;Restaurantes, bares y cafeterías;Inglés
Alimentación;Restaurantes, bares y cafeterías;Italiano
Alimentación;Restaurantes, bares y cafeterías;Japonés
Alimentación;Restaurantes, bares y cafeterías;Kilómetro cero
Alimentación;Restaurantes, bares y cafeterías;Mediterránea
Alimentación;Restaurantes, bares y cafeterías;Mexicano
Alimentación;Restaurantes, bares y cafeterías;Nicaraguense
Alimentación;Restaurantes, bares y cafeterías;Pakistaní
Alimentación;Restaurantes, bares y cafeterías;Panameño
Alimentación;Restaurantes, bares y cafeterías;Paraguayo
Alimentación;Restaurantes, bares y cafeterías;Peruano
Alimentación;Restaurantes, bares y cafeterías;Portugués
Alimentación;Restaurantes, bares y cafeterías;Puertorricense
Alimentación;Restaurantes, bares y cafeterías;Ruso
Alimentación;Restaurantes, bares y cafeterías;Salvadoreño
Alimentación;Restaurantes, bares y cafeterías;Servicios de catering
Alimentación;Restaurantes, bares y cafeterías;Tradicional
Alimentación;Restaurantes, bares y cafeterías;Uruguayo
Alimentación;Restaurantes, bares y cafeterías;Vasco
Alimentación;Restaurantes, bares y cafeterías;Vegetaríano
Alimentación;Restaurantes, bares y cafeterías;Venezolano
Alimentación;Restaurantes, bares y cafeterías;Otros

Alimentación;Productores y distribuidores;Aceites, salsas y condimentos
Alimentación;Productores y distribuidores;Algas
Alimentación;Productores y distribuidores;Alimentación infantil
Alimentación;Productores y distribuidores;Aperitivos, encurtidos y snacks
Alimentación;Productores y distribuidores;Arroz, legumbres secas y pastas
Alimentación;Productores y distribuidores;Bebicas alcohólicas
Alimentación;Productores y distribuidores;Bebidas, zumos y refrescos.
Alimentación;Productores y distribuidores;Café, té e infusiones
Alimentación;Productores y distribuidores;Carne, huevos y embutidos
Alimentación;Productores y distribuidores;Chocolates y dulces
Alimentación;Productores y distribuidores;Complementos nutricionales
Alimentación;Productores y distribuidores;Conservas y preparados
Alimentación;Productores y distribuidores;Frutas, verduras y hortalizas
Alimentación;Productores y distribuidores;Frutos secos
Alimentación;Productores y distribuidores;Lácteos
Alimentación;Productores y distribuidores;Mantequillas y mermeladas
Alimentación;Productores y distribuidores;Pan, harinas, cereales y semillas
Alimentación;Productores y distribuidores;Pastelería - Bollería
Alimentación;Productores y distribuidores;Pescado y marisco
Alimentación;Productores y distribuidores;Soja y derivados
Alimentación;Productores y distribuidores;Vending
Alimentación;Productores y distribuidores;Otros

Alimentación;Ferias y mercados;Feria de alimentación
Alimentación;Ferias y mercados;Mercados periódicos
Alimentación;Ferias y mercados;Mercados permanentes

Alimentación;Grupos de consumo;Buscadores y comunidades
Alimentación;Grupos de consumo;Centros de acopio
Alimentación;Grupos de consumo;Grupos de consumo

Hogar y energía;Arquitectura y bioconstrucción;Ahorro y captación de agua
Hogar y energía;Arquitectura y bioconstrucción;Aislamiento y climatización
Hogar y energía;Arquitectura y bioconstrucción;Arquitectos e ingenieros
Hogar y energía;Arquitectura y bioconstrucción;Bricolaje y albañilería
Hogar y energía;Arquitectura y bioconstrucción;Casas de madera
Hogar y energía;Arquitectura y bioconstrucción;Casas ecológicas
Hogar y energía;Arquitectura y bioconstrucción;Casas prefabricadas
Hogar y energía;Arquitectura y bioconstrucción;Marcos y ventanas
Hogar y energía;Arquitectura y bioconstrucción;Pinturas y barnices
Hogar y energía;Arquitectura y bioconstrucción;Rehabilitación de edificios
Hogar y energía;Arquitectura y bioconstrucción;Saneamiento
Hogar y energía;Arquitectura y bioconstrucción;Otros

Hogar y energía;Energía;Biocarburantes
Hogar y energía;Energía;Biomasa
Hogar y energía;Energía;Calderas - Calefacción
Hogar y energía;Energía;Climatización - A/C
Hogar y energía;Energía;Eficiencia y ahorro energético
Hogar y energía;Energía;Energía eólica
Hogar y energía;Energía;Energía geotérmica
Hogar y energía;Energía;Energía solar - fotovoltaica
Hogar y energía;Energía;Energía termosolar
Hogar y energía;Energía;Iluminación
Hogar y energía;Energía;Hidroelectricidad
Hogar y energía;Energía;Productores y distribuidores de energía verde
Hogar y energía;Energía;Otros

Hogar y energía;Hogar;Arte y decoración
Hogar y energía;Hogar;Baños
Hogar y energía;Hogar;Cocina
Hogar y energía;Hogar;Dormitorio
Hogar y energía;Hogar;Limpieza y saneamiento
Hogar y energía;Hogar;Menaje
Hogar y energía;Hogar;Mobiliario
Hogar y energía;Hogar;Salón
Hogar y energía;Hogar;Telas y cortinas
Hogar y energía;Hogar;Toldos y persianas
Hogar y energía;Hogar;Otros

Huerto y jardín;Accesorios y herramientas;Accesorios jardinería
Huerto y jardín;Accesorios y herramientas;Compostadores
Huerto y jardín;Accesorios y herramientas;Herramientas jardinería
Huerto y jardín;Accesorios y herramientas;Limpieza
Huerto y jardín;Accesorios y herramientas;Maquinaria agrícola
Huerto y jardín;Accesorios y herramientas;Maquinaria jardinería
Huerto y jardín;Accesorios y herramientas;Otros

Huerto y jardín;Alquiler de superficies;Huertos colectivos
Huerto y jardín;Alquiler de superficies;Huertos rurales
Huerto y jardín;Alquiler de superficies;Huertos urbanos
Huerto y jardín;Alquiler de superficies;Otros

Huerto y jardín;Bulbos y semillas;Bulbos comestibles
Huerto y jardín;Bulbos y semillas;Bulbos de flores
Huerto y jardín;Bulbos y semillas;Bulbos de otoño
Huerto y jardín;Bulbos y semillas;Bulbos de primavera
Huerto y jardín;Bulbos y semillas;Bulbos todo el año
Huerto y jardín;Bulbos y semillas;Semillas aromáticas
Huerto y jardín;Bulbos y semillas;Semillas brotes y germinados
Huerto y jardín;Bulbos y semillas;Semillas de césped - hierbas
Huerto y jardín;Bulbos y semillas;Semillas de flores
Huerto y jardín;Bulbos y semillas;Semillas hortícolas
Huerto y jardín;Bulbos y semillas;Semillas de plantas y árboles
Huerto y jardín;Bulbos y semillas;Semilleros
Huerto y jardín;Bulbos y semillas;Otros

Huerto y jardín;Crecimiento y prevención;Abonos
Huerto y jardín;Crecimiento y prevención;Fertilizantes
Huerto y jardín;Crecimiento y prevención;Saneamiento
Huerto y jardín;Crecimiento y prevención;Sustratos
Huerto y jardín;Crecimiento y prevención;Trampas
Huerto y jardín;Crecimiento y prevención;Tratamientos
Huerto y jardín;Crecimiento y prevención;Otros

Huerto y jardín;Estructuras y sistemas de cultivo;Apicultura
Huerto y jardín;Estructuras y sistemas de cultivo;Casetas, armarios y arcones
Huerto y jardín;Estructuras y sistemas de cultivo;Invernaderos
Huerto y jardín;Estructuras y sistemas de cultivo;Macetas y jardineras
Huerto y jardín;Estructuras y sistemas de cultivo;Mesas de cultivo
Huerto y jardín;Estructuras y sistemas de cultivo;Sistemas de filtración de agua
Huerto y jardín;Estructuras y sistemas de cultivo;Sistemas de iluminación
Huerto y jardín;Estructuras y sistemas de cultivo;Sistemas de riego
Huerto y jardín;Estructuras y sistemas de cultivo;Viveros
Huerto y jardín;Estructuras y sistemas de cultivo;Otros

Huerto y jardín;Flores y plantas;Árboles y plantas
Huerto y jardín;Flores y plantas;Bodas y comuniones
Huerto y jardín;Flores y plantas;Flores de temporada
Huerto y jardín;Flores y plantas;Floristería
Huerto y jardín;Flores y plantas;Frutales
Huerto y jardín;Flores y plantas;Plantas de temporada
Huerto y jardín;Flores y plantas;Otros

Huerto y jardín;Mobiliario y decoración;Arte y decoración
Huerto y jardín;Mobiliario y decoración;Iluminación jardín
Huerto y jardín;Mobiliario y decoración;Mallas y telas
Huerto y jardín;Mobiliario y decoración;Mobiliario jardín
Huerto y jardín;Mobiliario y decoración;Piscinas
Huerto y jardín;Mobiliario y decoración;Toldos y pérgolas
Huerto y jardín;Mobiliario y decoración;Otros

Transporte;Accesorios y mantenimiento;Aceites y lubricantes
Transporte;Accesorios y mantenimiento;Autos y camiones
Transporte;Accesorios y mantenimiento;Baterías
Transporte;Accesorios y mantenimiento;Electrónica
Transporte;Accesorios y mantenimiento;Limpieza de vehículos
Transporte;Accesorios y mantenimiento;Piezas y repuestos
Transporte;Accesorios y mantenimiento;Taller y reparación
Transporte;Accesorios y mantenimiento;Otros

Transporte;Alquiler verde;Autos - coches
Transporte;Alquiler verde;Bicicletas
Transporte;Alquiler verde;Motocicletas
Transporte;Alquiler verde;Parkings
Transporte;Alquiler verde;Vehículos acuáticos
Transporte;Alquiler verde;Vehículos industriales
Transporte;Alquiler verde;Otros

Transporte;Compartir;Auto - coche
Transporte;Compartir;Bicicleta
Transporte;Compartir;Parking
Transporte;Compartir;Taxi
Transporte;Compartir;Tren
Transporte;Compartir;Otros

Transporte;Repostaje - Combustible;Biocarburantes
Transporte;Repostaje - Combustible;Biodiésel
Transporte;Repostaje - Combustible;Bioetanol
Transporte;Repostaje - Combustible;Biomasa
Transporte;Repostaje - Combustible;Puntos de carga eléctrica
Transporte;Repostaje - Combustible;Otros

Transporte;Transporte de mercancías y mensajería;Mensajería
Transporte;Transporte de mercancías y mensajería;Mudanzas
Transporte;Transporte de mercancías y mensajería;Transporte de mercancías
Transporte;Transporte de mercancías y mensajería;Otros

Transporte;Venta de vehículos;Autos - coches
Transporte;Venta de vehículos;Bicicletas
Transporte;Venta de vehículos;Motocicletas
Transporte;Venta de vehículos;Vehículos acuáticos
Transporte;Venta de vehículos;Vehículos industriales
Transporte;Venta de vehículos;Otros

Turismo y aventura;Aventura;Ala delta
Turismo y aventura;Aventura;Alpinismo y escalada
Turismo y aventura;Aventura;Buceo deportivo
Turismo y aventura;Aventura;Ciclismo de montaña
Turismo y aventura;Aventura;Descenso de cañones
Turismo y aventura;Aventura;Espeleología
Turismo y aventura;Aventura;Esquí & Snowboard
Turismo y aventura;Aventura;Esquí de fondo
Turismo y aventura;Aventura;Hidrospeed
Turismo y aventura;Aventura;Hípica
Turismo y aventura;Aventura;Kitesurf
Turismo y aventura;Aventura;Multiaventura
Turismo y aventura;Aventura;Paddle Surf
Turismo y aventura;Aventura;Paracaidismo
Turismo y aventura;Aventura;Parapente
Turismo y aventura;Aventura;Piragüismo y Kayak
Turismo y aventura;Aventura;Puenting
Turismo y aventura;Aventura;Rafting
Turismo y aventura;Aventura;Rapel
Turismo y aventura;Aventura;Surf / Windsurf
Turismo y aventura;Aventura;Vela
Turismo y aventura;Aventura;Vuelo sin motor
Turismo y aventura;Aventura;Otros

Turismo y aventura;Hospedaje;Agroturismo
Turismo y aventura;Hospedaje;Albergues
Turismo y aventura;Hospedaje;Apartamentos
Turismo y aventura;Hospedaje;Cabañas
Turismo y aventura;Hospedaje;Campamentos
Turismo y aventura;Hospedaje;Camping & Bungalows
Turismo y aventura;Hospedaje;Casas rurales
Turismo y aventura;Hospedaje;Hostales
Turismo y aventura;Hospedaje;Hoteles
Turismo y aventura;Hospedaje;Intercambio de amarres
Turismo y aventura;Hospedaje;Intercambio de casas
Turismo y aventura;Hospedaje;Moteles
Turismo y aventura;Hospedaje;Pensiones
Turismo y aventura;Hospedaje;Otros

Turismo y aventura;Parques y reservas naturales;Áreas de protección de flora y fauna
Turismo y aventura;Parques y reservas naturales;Áreas de protección de recursos naturales
Turismo y aventura;Parques y reservas naturales;Áreas marinas protegidas
Turismo y aventura;Parques y reservas naturales;Áreas naturales
Turismo y aventura;Parques y reservas naturales;Áreas protegidas nacionales
Turismo y aventura;Parques y reservas naturales;Monumentos naturales
Turismo y aventura;Parques y reservas naturales;Paisajes protegidos
Turismo y aventura;Parques y reservas naturales;Parques nacionales
Turismo y aventura;Parques y reservas naturales;Parques nacionales naturales
Turismo y aventura;Parques y reservas naturales;Parques naturales
Turismo y aventura;Parques y reservas naturales;Parques naturales marinos
Turismo y aventura;Parques y reservas naturales;Parques regionales
Turismo y aventura;Parques y reservas naturales;Parques y reservas estatales
Turismo y aventura;Parques y reservas naturales;Patrimonio de la humanidad
Turismo y aventura;Parques y reservas naturales;Reservas de la biosfera
Turismo y aventura;Parques y reservas naturales;Reservas nacionales naturales
Turismo y aventura;Parques y reservas naturales;Reservas naturales
Turismo y aventura;Parques y reservas naturales;Santuarios
Turismo y aventura;Parques y reservas naturales;Sitios ramsar
Turismo y aventura;Parques y reservas naturales;Zonas de preservación ecológica
Turismo y aventura;Parques y reservas naturales;Otros

Turismo y aventura;Rutas y excursiones;Agroturismo
Turismo y aventura;Rutas y excursiones;Ecoturismo científico
Turismo y aventura;Rutas y excursiones;Enoturismo
Turismo y aventura;Rutas y excursiones;Excursiones culturales
Turismo y aventura;Rutas y excursiones;Excursiones en globo
Turismo y aventura;Rutas y excursiones;Excursiones en barco
Turismo y aventura;Rutas y excursiones;Experiencias
Turismo y aventura;Rutas y excursiones;Micología
Turismo y aventura;Rutas y excursiones;Naturaleza
Turismo y aventura;Rutas y excursiones;Observación de animales y plantas
Turismo y aventura;Rutas y excursiones;Rutas a caballo
Turismo y aventura;Rutas y excursiones;Rutas a camello
Turismo y aventura;Rutas y excursiones;Rutas en burro
Turismo y aventura;Rutas y excursiones;Rutas en dromedario
Turismo y aventura;Rutas y excursiones;Rutas en trineo
Turismo y aventura;Rutas y excursiones;Rutas gastronómicas
Turismo y aventura;Rutas y excursiones;Senderismo
Turismo y aventura;Rutas y excursiones;Trekking
Turismo y aventura;Rutas y excursiones;Otros

Turismo y aventura;Mapas, gúias y redes;Mapas interactivos
Turismo y aventura;Mapas, gúias y redes;Guías turísticas
Turismo y aventura;Mapas, gúias y redes;SmartCities
Turismo y aventura;Mapas, gúias y redes;Redes Sociales
Turismo y aventura;Mapas, gúias y redes;Otros

Reciclaje;Gestores de residuos y centros de reciclaje;Aceites
Reciclaje;Gestores de residuos y centros de reciclaje;Automóviles, camiones y motocicletas.
Reciclaje;Gestores de residuos y centros de reciclaje;Aviones, barcos y trenes
Reciclaje;Gestores de residuos y centros de reciclaje;Chatarra y metal
Reciclaje;Gestores de residuos y centros de reciclaje;Depuración de aguas
Reciclaje;Gestores de residuos y centros de reciclaje;Electrodomésticos
Reciclaje;Gestores de residuos y centros de reciclaje;Electrónica
Reciclaje;Gestores de residuos y centros de reciclaje;Madera
Reciclaje;Gestores de residuos y centros de reciclaje;Papel y cartón
Reciclaje;Gestores de residuos y centros de reciclaje;Pilas y baterías
Reciclaje;Gestores de residuos y centros de reciclaje;Plásticos
Reciclaje;Gestores de residuos y centros de reciclaje;Puntos limpios
Reciclaje;Gestores de residuos y centros de reciclaje;Residuos industriales
Reciclaje;Gestores de residuos y centros de reciclaje;Residuos peligrosos
Reciclaje;Gestores de residuos y centros de reciclaje;Restos orgánicos
Reciclaje;Gestores de residuos y centros de reciclaje;Ropa y tejidos
Reciclaje;Gestores de residuos y centros de reciclaje;Tetrabrik
Reciclaje;Gestores de residuos y centros de reciclaje;Textiles
Reciclaje;Gestores de residuos y centros de reciclaje;Vidrio
Reciclaje;Gestores de residuos y centros de reciclaje;Otros

Reciclaje;Recicla en casa;Compostaje
Reciclaje;Recicla en casa;Depuración de aguas
Reciclaje;Recicla en casa;Ideas y manualidades
Reciclaje;Recicla en casa;Separación de residuos
Reciclaje;Recicla en casa;Transformación de residuos
Reciclaje;Recicla en casa;Otros

Reciclaje;Productos y materiales reciclados;Accesorios y utensilios
Reciclaje;Productos y materiales reciclados;Agua para el riego
Reciclaje;Productos y materiales reciclados;Arte y decoración
Reciclaje;Productos y materiales reciclados;Bisuteria
Reciclaje;Productos y materiales reciclados;Bolsas y embalaje
Reciclaje;Productos y materiales reciclados;Juguetes
Reciclaje;Productos y materiales reciclados;Libros
Reciclaje;Productos y materiales reciclados;Madera y mobiliario
Reciclaje;Productos y materiales reciclados;Metales
Reciclaje;Productos y materiales reciclados;Papel y cartón
Reciclaje;Productos y materiales reciclados;Plásticos
Reciclaje;Productos y materiales reciclados;Ropa y Complementos
Reciclaje;Productos y materiales reciclados;Vidrio
Reciclaje;Productos y materiales reciclados;Viviendas
Reciclaje;Productos y materiales reciclados;Otros

Salud y Bienestar;Centros de belleza y bienestar;Belleza y estética
Salud y Bienestar;Centros de belleza y bienestar;Peluquería
Salud y Bienestar;Centros de belleza y bienestar;Balneario
Salud y Bienestar;Centros de belleza y bienestar;Centro wellness
Salud y Bienestar;Centros de belleza y bienestar;Fisioterapia
Salud y Bienestar;Centros de belleza y bienestar;Spa
Salud y Bienestar;Centros de belleza y bienestar;Otros

Salud y Bienestar;Cosmética e higiene;Aceites y esencias
Salud y Bienestar;Cosmética e higiene;Anticonceptivos
Salud y Bienestar;Cosmética e higiene;Baño
Salud y Bienestar;Cosmética e higiene;Cabello
Salud y Bienestar;Cosmética e higiene;Cosmética masculina
Salud y Bienestar;Cosmética e higiene;Cuidado corporal
Salud y Bienestar;Cosmética e higiene;Cuidado facial
Salud y Bienestar;Cosmética e higiene;Higiene bucal
Salud y Bienestar;Cosmética e higiene;Higiene íntima
Salud y Bienestar;Cosmética e higiene;Maquillaje
Salud y Bienestar;Cosmética e higiene;Perfumes y aguas de colonia
Salud y Bienestar;Cosmética e higiene;Protección solar
Salud y Bienestar;Cosmética e higiene;Otros

Salud y Bienestar;Terapias alternativas;Acuarioterapia
Salud y Bienestar;Terapias alternativas;Acupuntura
Salud y Bienestar;Terapias alternativas;Aromaterapia
Salud y Bienestar;Terapias alternativas;Arteterapia
Salud y Bienestar;Terapias alternativas;Aura Soma
Salud y Bienestar;Terapias alternativas;Ayurveda
Salud y Bienestar;Terapias alternativas;Chi Kung / Qi Gong
Salud y Bienestar;Terapias alternativas;Cromoterapia
Salud y Bienestar;Terapias alternativas;Dejar de fumar
Salud y Bienestar;Terapias alternativas;Gemoterapia
Salud y Bienestar;Terapias alternativas;Hidroterapia
Salud y Bienestar;Terapias alternativas;Homeopatía
Salud y Bienestar;Terapias alternativas;Musicoterapia
Salud y Bienestar;Terapias alternativas;Pilates
Salud y Bienestar;Terapias alternativas;Quiroterapia
Salud y Bienestar;Terapias alternativas;Reflexología
Salud y Bienestar;Terapias alternativas;Reiki
Salud y Bienestar;Terapias alternativas;Risoterapia
Salud y Bienestar;Terapias alternativas;Shiatsu
Salud y Bienestar;Terapias alternativas;Terapia para animales
Salud y Bienestar;Terapias alternativas;Yoga y meditación
Salud y Bienestar;Terapias alternativas;Otros

Salud y Bienestar;Medicina natural;Fitoterapia
Salud y Bienestar;Medicina natural;Herbolarios
Salud y Bienestar;Medicina natural;Plantas medicinales
Salud y Bienestar;Medicina natural;Remedios naturales
Salud y Bienestar;Medicina natural;Otros

Ropa y complementos;Complementos;Bisutería
Ropa y complementos;Complementos;Bolsos, carteras y mochilas
Ropa y complementos;Complementos;Bufandas y pañuelos
Ropa y complementos;Complementos;Calzado
Ropa y complementos;Complementos;Cinturones
Ropa y complementos;Complementos;Deportivos
Ropa y complementos;Complementos;Guantes y calcetines
Ropa y complementos;Complementos;Joyería
Ropa y complementos;Complementos;Monederos y billeteras
Ropa y complementos;Complementos;Relojes
Ropa y complementos;Complementos;Otros

Ropa y complementos;Ropa;Deportiva
Ropa y complementos;Ropa;Especial bodas
Ropa y complementos;Ropa;Infantil
Ropa y complementos;Ropa;Para él
Ropa y complementos;Ropa;Para ella
Ropa y complementos;Ropa;Pre-mamá
Ropa y complementos;Ropa;Ropa interior
Ropa y complementos;Ropa;Segunda mano
Ropa y complementos;Ropa;Vestidos de fiesta
Ropa y complementos;Ropa;Otros
